Id,Name,Email,Company,Role,PhoneNumber
134841,DonnaBrown,donna.brown@aol.com,Livingston,Lima,212-434-7910
153989,JackAlexander,jack.alexander@gmail.com,Clark,Las Vegas,702-603-3769
158666,RebeccaStewart,rebecca.stewart@gmail.com,Inyo,Independence,209-233-7631
162402,DianaPeterson,diana.peterson@hotmail.co.uk,Carroll,Eureka Springs,479-783-5656
183071,AndreaGarcia,andrea.garcia@aol.com,St. Joseph,Granger,219-624-3708
185032,EugenePerez,eugene.perez@exxonmobil.com,Racine,Racine,262-472-7112
193819,BenjaminRussell,benjamin.russell@charter.net,Waupaca,Fremont,262-404-2252
212893,JanetHenderson,janet.henderson@ntlworld.com,Miami-Dade,Miami,239-769-6347
214352,TheresaLee,theresa.lee@gmail.com,Mitchell,Toeterville,319-553-8919
218791,AaronPrice,aaron.price@bp.com,Crawford,Eckerty,219-287-8926
225925,PaulCooper,paul.cooper@gmail.com,Colorado,Glidden,210-984-4722
226714,NancyDavis,nancy.davis@ibm.com,Clay,Bowling Green,219-610-3067
227922,AmandaHughes,amanda.hughes@rediffmail.com,Calcasieu,Lake Charles,225-544-9700
231469,RalphFlores,ralph.flores@yahoo.com,Nemaha,Sabetha,316-280-2864
241882,DebraWood,debra.wood@hotmail.com,Washington,Blair,308-646-6219
247137,AlanRivera,alan.rivera@apple.com,Knox,Knoxville,423-277-6819
253573,SharonLopez,sharon.lopez@gmail.com,McDowell,Bartley,304-934-5548
262382,CherylMiller,cheryl.miller@ntlworld.com,Breathitt,Bays,270-880-3858
263480,DanielCooper,daniel.cooper@yahoo.com,Dunn,Manning,701-510-8162
265813,JackCampbell,jack.campbell@gmail.com,Kalvesta,Kalvesta,316-499-5737
278556,RichardMitchell,richard.mitchell@verizon.net,Calhoun,Ohatchee,205-621-5884
293459,StevenPhillips,steven.phillips@hotmail.com,East Baton Rouge,Baton Rouge,225-968-5952
301576,WayneWatson,wayne.watson@gmail.com,Cavalier,Maida,701-231-9370
316110,JeremySanchez,jeremy.sanchez@hotmail.com,Blount,Alcoa,423-974-2755
325319,CarolynPrice,carolyn.price@yahoo.com,DuPage,Wheaton,217-409-4338
329752,LillianBrown,lillian.brown@aol.com,Wakulla,Panacea,239-812-9041
333476,MaryWilson,mary.wilson@sbcglobal.net,Davidson,Nashville,423-937-8660
335732,BrendaButler,brenda.butler@gmail.com,Maricopa,Mesa,480-814-8284
363065,NancyJones,nancy.jones@gmail.com,New York,New York City,212-825-1930
380086,CarolMurphy,carol.murphy@gmail.com,Clinton,Blanchester,216-336-0009
386158,MelissaKing,melissa.king@comcast.net,Washington,New Matamoras,216-605-3731
388642,RubyRogers,ruby.rogers@gmail.com,Cannon,Woodbury,423-231-6507
392491,TheresaMurphy,theresa.murphy@gmail.com,Yukon-Koyukuk (CA),Mc Grath,907-356-1555
400173,DorothyEdwards,dorothy.edwards@hotmail.co.uk,Philadelphia,Philadelphia,215-902-6888
407061,ElizabethJackson,elizabeth.jackson@aol.com,Strafford,Rochester,603-568-6118
408351,DianeEvans,diane.evans@yahoo.com,Crawford,Hydetown,215-793-6791
426038,JoanStewart,joan.stewart@yahoo.com,Meigs,Middleport,216-637-6800
428945,JoeRobinson,joe.robinson@gmail.com,Clinton,Michigantown,219-904-2161
441771,CherylScott,cheryl.scott@gmail.com,Somerset,Quecreek,215-288-9345
447813,AnnColeman,ann.coleman@ibm.com,Pottawattamie,Hancock,319-994-4179
456747,RoyGriffin,roy.griffin@yahoo.com,Union,Liberty,219-506-9378
461593,NicoleWard,nicole.ward@yahoo.com,Wayne,Detroit,231-761-7861
474599,MariaWalker,maria.walker@microsoft.com,Lawrence,Lawrenceburg,423-668-5506
476433,LillianMitchell,lillian.mitchell@shaw.ca,Sedgwick,Wichita,316-876-1484
477253,AnneRussell,anne.russell@ibm.com,Grant,Stockholm,605-635-1306
477616,FrancesYoung,frances.young@gmail.com,Starr,Delmita,210-819-9765
478003,CynthiaWhite,cynthia.white@gmail.com,Jackson,Kansas City,314-593-3092
489424,PhillipWhite,phillip.white@gmail.com,Lane,Mapleton,503-668-6592
491943,NancyHoward,nancy.howard@gmail.com,Charlotte,Saxe,236-973-8086
495141,TammyYoung,tammy.young@comcast.net,Gratiot,Alma,231-290-3075
499687,PatrickBailey,patrick.bailey@aol.com,Madison,Macksburg,319-812-6957
515103,AnnePerez,anne.perez@sbcglobal.net,Putnam,Cookeville,423-837-3338
524896,JudyHernandez,judy.hernandez@gmail.com,Shawnee,Topeka,316-736-6126
525955,JudyGonzales,judy.gonzales@gmail.com,Monmouth,Eatontown,201-640-8645
528509,PaulaDiaz,paula.diaz@gmail.com,Duplin,Beulaville,252-531-7641
528673,PaulWatson,paul.watson@hotmail.com,Floyd,Blue River,270-556-7711
533952,KellyAdams,kelly.adams@bp.com,Major,Meno,405-418-0037
539712,NancyBaker,nancy.baker@bp.com,Fulton,Atlanta,229-336-5117
560455,CarolynHayes,carolyn.hayes@hotmail.co.uk,Osceola,Saint Cloud,239-882-8784
621833,GregoryEdwards,gregory.edwards@outlook.com,Klamath,Bonanza,503-256-9654
622406,ThomasLewis,thomas.lewis@gmail.com,Cape Girardeau,Dutchtown,314-679-3697
623253,RubyStewart,ruby.stewart@gmail.com,Koochiching,Margie,218-445-2369
623929,JimmyHoward,jimmy.howard@yahoo.com,Oneida,Oriskany,212-855-9316
639892,JoseHill,jose.hill@hotmail.com,Harrison,Biloxi,228-245-5000
677509,LoisWalker,lois.walker@hotmail.com,Denver,Denver,303-572-8492
683826,RogerRoberts,roger.roberts@gmail.com,Skagit,Mount Vernon,206-497-3141
687017,FrancesWatson,frances.watson@outlook.com,Lincoln,Trego,406-530-8069
702813,ErnestMartinez,ernest.martinez@gmail.com,Crawford,Uniontown,479-951-4138
704709,HaroldNelson,harold.nelson@gmail.com,Carol Stream,Carol Stream,217-555-9216
726264,CarlCollins,carl.collins@yahoo.com,Jefferson,Wright,479-740-7633
732017,CynthiaRamirez,cynthia.ramirez@btinternet.com,Glacier,Browning,406-961-7340
750173,AntonioRoberts,antonio.roberts@hotmail.com,Jefferson,Mc Calla,205-267-7304
758872,HenryJenkins,henry.jenkins@hotmail.com,Platte,Riverside,314-731-7135
761821,ErnestWashington,ernest.washington@msn.com,Franklin,Saranac Lake,212-596-1659
765850,LindaMoore,linda.moore@gmail.com,Erie,Albion,215-793-7095
766610,JoyceJenkins,joyce.jenkins@aol.com,Pierce,Ellsworth,262-455-4187
802554,RyanAlexander,ryan.alexander@shell.com,Pointe Coupee,Jarreau,225-395-3347
806955,WilliamHernandez,william.hernandez@rediffmail.com,Okaloosa,Mary Esther,239-276-0532
818384,PeterWashington,peter.washington@bp.com,Kalamazoo,Portage,231-322-0316
844177,MargaretAllen,margaret.allen@gmail.com,Ross,Richmond Dale,216-697-6987
867084,DeborahSmith,deborah.smith@yahoo.com,North Slope,Atqasuk,907-279-8694
870820,MarthaWashington,martha.washington@aol.com,Kay,Nardin,405-945-0242
879753,PamelaWright,pamela.wright@aol.com,Sheridan,Banner,307-329-8832
883936,DouglasFlores,douglas.flores@gmail.com,Delta,Eckert,303-836-4721
890290,JuliaScott,julia.scott@apple.com,Hickman,Primm Springs,423-939-1010
893212,AmyHoward,amy.howard@aol.com,Kline,Kline,803-613-3168
904898,AnnCooper,ann.cooper@exxonmobil.com,Lake,Arlee,406-278-6460
912990,JoshuaStewart,joshua.stewart@yahoo.ca,Madison,New Douglas,217-279-9342
915638,JasonAnderson,jason.anderson@gmail.com,McLean,Hudson,217-856-6752
917395,ChristopherNelson,christopher.nelson@aol.com,Mohave,Willow Beach,480-946-9780
917937,ToddHall,todd.hall@yahoo.com,Baltimore,Randallstown,240-513-8668
923947,MaryBryant,mary.bryant@verizon.net,Iowa,Conroy,319-827-3516
940761,BrendaRobinson,brenda.robinson@gmail.com,De Soto,Stonewall,225-945-4954
940922,MelissaButler,melissa.butler@hotmail.com,Lincoln,Maxwell,308-827-9016
951225,MargaretBrooks,margaret.brooks@gmail.com,Kiowa,Haswell,303-960-0117
958326,LarryMiller,larry.miller@shell.com,St. Clair,East Saint Louis,217-574-9283
969580,MatthewTurner,matthew.turner@gmail.com,Northumberland,Heathsville,236-972-7624
969964,JaniceParker,janice.parker@yahoo.com,Johnson,Whiteman Air Force Base,314-842-5984
971640,ClarenceRoss,clarence.ross@apple.com,Scott,Oneida,423-772-0118
979607,CarolEdwards,carol.edwards@msn.com,Caddo,Shreveport,225-283-4295
